2461280,(2015)沪知民初字1号
2521809,(2015)沪知民初字第113号
2521810,(2015)沪知民初字第23号
2521811,(2015)沪知民初字第77号
2521812,(2015)沪知民终字第12号
2521813,(2015)沪知民终字第29号
2521814,(2015)沪知民终字第4号
2521815,(2015)沪知民终字第5号
2521816,(2015)沪知民终字第71号
2587234,(2015)沪知民初字第100号
2587235,(2015)沪知民初字第102号
2587236,(2015)沪知民初字第103号
2587237,(2015)沪知民初字第106号
2587238,(2015)沪知民初字第107号
2587239,(2015)沪知民初字第108号
2587240,(2015)沪知民初字第109号
2587241,(2015)沪知民初字第10号
2587242,(2015)沪知民初字第111号
2587243,(2015)沪知民初字第114号
2587244,(2015)沪知民初字第115号
2587245,(2015)沪知民初字第116号
2587246,(2015)沪知民初字第117号
2587247,(2015)沪知民初字第118号
2587248,(2015)沪知民初字第119号
2587249,(2015)沪知民初字第11号
2587250,(2015)沪知民初字第120号
2587251,(2015)沪知民初字第121号
2587252,(2015)沪知民初字第122号
2587253,(2015)沪知民初字第123号
2587254,(2015)沪知民初字第12号
2587255,(2015)沪知民初字第136号
2587256,(2015)沪知民初字第138号
2587257,(2015)沪知民初字第157号
2587258,(2015)沪知民初字第167号
2587259,(2015)沪知民初字第178号
2587260,(2015)沪知民初字第19号
2587261,(2015)沪知民初字第204号
2587262,(2015)沪知民初字第209号
2587263,(2015)沪知民初字第210号
2587264,(2015)沪知民初字第211号
2587265,(2015)沪知民初字第212号
2587266,(2015)沪知民初字第213号
2587267,(2015)沪知民初字第214号
2587268,(2015)沪知民初字第217号
2587269,(2015)沪知民初字第221号
2587270,(2015)沪知民初字第222号
2587271,(2015)沪知民初字第230号
2587272,(2015)沪知民初字第232号
2587274,(2015)沪知民初字第237号
2587275,(2015)沪知民初字第24号
2587276,(2015)沪知民初字第25号
2587277,(2015)沪知民初字第27号
2587278,(2015)沪知民初字第28号
2587279,(2015)沪知民初字第45号
2587280,(2015)沪知民初字第47号
2587281,(2015)沪知民初字第49号
2587282,(2015)沪知民初字第50号
2587283,(2015)沪知民初字第51号
2587284,(2015)沪知民初字第52号
2587285,(2015)沪知民初字第53号
2587286,(2015)沪知民初字第54号
2587287,(2015)沪知民初字第59号
2587288,(2015)沪知民初字第5号
2587289,(2015)沪知民初字第71号
2587290,(2015)沪知民初字第7号
2587291,(2015)沪知民初字第81号
2587292,cn-(2015)沪知民初字第85号
2587293,(2015)沪知民初字第8号
2587295,(2015)沪知民初字第93号
2587296,(2015)沪知民初字第94号
2587297,(2015)沪知民初字第9号
2587298,(2015)沪知民终字第116号
2587299,(2015)沪知民终字第155号
2587300,(2015)沪知民终字第158号
2587301,(2015)沪知民终字第159号
2587302,(2015)沪知民终字第174号
2587303,(2015)沪知民终字第19号
2587304,(2015)沪知民终字第57号
2587305,(2015)沪知民终字第67号
2587306,(2015)沪知民终字第80号
2587307,(2015)沪知民终字第82号
2587308,(2015)沪知民终字第91号
2587309,(2015)沪知民终字第93号
2587310,(2015）沪知民初字第46号
2587311,(2015）沪知民初字第4号
2620642,(2015)沪知民初字第282号
2620643,(2015)沪知民初字第283号
2620644,(2015)沪知民初字第285号
2620645,(2015)沪知民初字第286号
2620646,(2015)沪知民初字第287号
2620647,(2015)沪知民初字第289号
2620648,(2015)沪知民初字第304号
2620649,(2015)沪知民初字第74号
2620650,(2015)沪知民终字第157号
2620651,(2015)沪知民终字第160号
2620652,(2015)沪知民终字第161号
2620653,(2015)沪知民终字第182号
2620654,(2015)沪知民终字第185号
2620655,(2015)沪知民终字第189号
2620656,(2015)沪知民终字第194号
2620657,(2015)沪知民终字第196号
2620658,(20150沪知民初字第90号
2620659,(2015）沪知民初字第288号
2631366,(2015)沪知民初字第169号
2631367,(2015)沪知民初字第170号
2631369,(2015)沪知民初字第171号
2631371,(2015)沪知民初字第172号
2631372,(2015)沪知民初字第88号
2631373,(2015)沪知民终字第164号
2631374,(2015)沪知民终字第172号
2631375,(2015)沪知民终字第192号
2631376,(2015)沪知民终字第193号
2631377,(2015)沪知民终字第203号
2631378,(2015)沪知民终字第204号
2789869,(2015)沪知民初字第173号
2789870,(2015)沪知民初字第175号
2789871,(2015)沪知民初字第176号
2789872,(2015)沪知民初字第20号
2789873,(2015)沪知民初字第21号
2789874,(2015)沪知民初字第236号
2789875,(2015)沪知民初字第245号
2789876,(2015)沪知民初字第255号
2789877,(2015)沪知民初字第29号
2789878,(2015)沪知民初字第323号
2789879,(2015)沪知民初字第353号
2789880,(2015)沪知民初字第354号
2789881,(2015)沪知民初字第355-356号
2789882,(2015)沪知民初字第361-363号
2789883,(2015)沪知民初字第386号
2789884,(2015)沪知民初字第387号
2789885,(2015)沪知民初字第390号
2789886,(2015)沪知民初字第405号
2789887,(2015)沪知民初字第406号
2789888,(2015)沪知民初字第407号
2789889,(2015)沪知民初字第411号
2789890,(2015)沪知民初字第412号
2789891,(2015)沪知民初字第413号
2789892,cn-(2015)沪知民初字第419号
2789893,(2015)沪知民初字第426-427号
2789894,(2015)沪知民初字第428号
2789895,(2015)沪知民初字第436号
2789896,(2015)沪知民初字第442号
2789897,(2015)沪知民初字第445-446号
2789898,(2015)沪知民初字第83号
2789899,(2015)沪知民终字第211号
2789900,(2015)沪知民终字第243号
2789901,(2015)沪知民终字第244号
2789902,(2015)沪知民终字第246号
2789903,(2015)沪知民终字第247号
2789904,(2015)沪知民终字第251号
2805089,(2015)沪知民初字第149号
2805090,(2015)沪知民初字第269号
2805091,cn-(2015)沪知民初字第270号
2805092,(2015)沪知民初字第322号
2805093,(2015)沪知民初字第435号
2805094,(2015)沪知民初字第448-450号
2805095,(2015)沪知民初字第449-451号
2805522,(2015)沪知民初字第130-132号
2805523,(2015)沪知民初字第408号
2805524,(2015)沪知民初字第409号
2805525,(2015)沪知民初字第410号
2805526,(2015)沪知民初字第451-453号
2822954,(2015)沪知民初字第104号
2822955,(2015)沪知民初字第110号
2822956,(2015)沪知民初字第135号
2822957,(2015)沪知民初字第139号
2822958,(2015)沪知民初字第140号
2822959,(2015)沪知民初字第141号
2822960,(2015)沪知民初字第142号
2822961,(2015)沪知民初字第151号
2822962,(2015)沪知民初字第174号
2822963,(2015)沪知民初字第193号
2822964,(2015)沪知民初字第215号
2822965,(2015)沪知民初字第216号
2822966,(2015)沪知民初字第238号
2822967,(2015)沪知民初字第256号
2822968,(2015)沪知民初字第259号
2822969,(2015)沪知民初字第288号
2822970,(2015)沪知民初字第291号
2822971,(2015)沪知民初字第298号
2822972,(2015)沪知民初字第320号
2822973,(2015)沪知民初字第348号
2822974,(2015)沪知民初字第349号
2822975,(2015)沪知民初字第360号
2822976,(2015)沪知民初字第385号
2822977,(2015)沪知民初字第399号
2822978,(2015)沪知民初字第400号
2822979,(2015)沪知民初字第401号
2822980,(2015)沪知民初字第402号
2822981,(2015)沪知民初字第403号
2822982,(2015)沪知民初字第404号
2822983,(2015)沪知民初字第42号
2822984,(2015)沪知民初字第55号
2822985,(2015)沪知民初字第72号
2822986,(2015)沪知民初字第73号
2822988,(2015)沪知民终字第120号
2822989,(2015)沪知民终字第153号
2822990,(2015)沪知民终字第167号
2822992,(2015)沪知民终字第191号
2822993,(2015)沪知民终字第198号
2822995,(2015)沪知民终字第215号
2822996,(2015)沪知民终字第21号
2822998,(2015)沪知民终字第23号
2822999,(2015)沪知民终字第245号
2823003,(2015)沪知民终字第259号
2823005,(2015)沪知民终字第300号
2823008,(2015)沪知民终字第303号
2823009,(2015)沪知民终字第30号
2823010,(2015)沪知民终字第316号
2823012,(2015)沪知民终字第6号
2823014,(2015)沪知民终字第83号
2823015,(2015)沪知行初字第1号
2823567,(2015)沪知民终字第14号
2823568,(2015)沪知民初字第192号
2823569,(2015)沪知民保字第1号
2835408,(2015)沪知民初字第126号
2835409,(2015)沪知民初字第177号
2835410,(2015)沪知民初字第272号
2835411,(2015)沪知民初字第377号
2835412,(2015)沪知民初字第382号
2835413,(2015)沪知民初字第384号
2835414,(2015)沪知民初字第508号
2835415,(2015)沪知民终字第396号
2835416,(2015)沪知民终字第400号
2843607,(2015)沪知民初字第146号
2843608,(2015)沪知民初字第147号
2843609,(2015)沪知民初字第227-228号
2843610,(2015)沪知民初字第265号
2843611,(2015)沪知民初字第294-295号
2843612,(2015)沪知民初字第342-345号
2843613,(2015)沪知民初字第350号
2843614,(2015)沪知民初字第351号
2843615,(2015)沪知民初字第354-357号
2843616,(2015)沪知民初字第383号
2843617,(2015)沪知民初字第388-389号
2843618,(2015)沪知民初字第392号
2843619,(2015)沪知民初字第426-428号
2843620,(2015)沪知民初字第433号
2843621,(2015)沪知民初字第460号
2843622,(2015)沪知民初字第461-462号
2843623,(2015)沪知民初字第516号
2843624,(2015)沪知民初字第517号
2843625,(2015)沪知民初字第519号
2843626,(2015)沪知民初字第531号
2843627,(2015)沪知民初字第532号
2843628,(2015)沪知民初字第533号
2843629,(2015)沪知民初字第548-549号
2843630,(2015)沪知民初字第550号
2843631,(2015)沪知民初字第551号
2843632,(2015)沪知民初字第552-553号
2843633,(2015)沪知民初字第554号
2843634,cn-(2015)沪知民初字第555号
2843635,(2015)沪知民初字第556号
2843636,(2015)沪知民初字第563号
2843637,(2015)沪知民初字第564号
2843638,(2015)沪知民初字第565号
2843639,(2015)沪知民初字第566号
2843640,(2015)沪知民初字第568号
2843641,(2015)沪知民初字第579号
2843642,(2015)沪知民初字第589号
2843643,(2015)沪知民初字第590号
2843644,(2015)沪知民初字第599号
2843645,(2015)沪知民初字第600号
2843646,(2015)沪知民初字第601号
2843647,(2015)沪知民初字第602-603号
2843648,(2015)沪知民初字第607号
2843649,(2015)沪知民初字第608号
2843650,(2015)沪知民初字第609-610号
2843651,(2015)沪知民初字第622号
2843652,(2015)沪知民初字第626号
2843653,cn-(2015)沪知民初字第653号
2843654,(2015)沪知民初字第655号
2843655,(2015)沪知民初字第657号
2843656,(2015)沪知民初字第659号
2843657,(2015)沪知民初字第672号
2843658,(2015)沪知民初字第674号
2843659,(2015)沪知民初字第75号
2843660,(2015)沪知民初字第89号
2843661,(2015)沪知民终字第242号
2843662,(2015)沪知民终字第561号
2843663,(2015)沪知民终字第568号
2843664,(2015)沪知民终字第573号
2843665,(2015)沪知民终字第600号
2871733,(2015)沪知民初字第150号
2871734,(2015)沪知民初字第26号
2871735,(2015)沪知民初字第346号
2871736,(2015)沪知民初字第347号
2871737,(2015)沪知民初字第455号
2871738,(2015)沪知民初字第456号
2871739,(2015)沪知民初字第458号
2871740,(2015)沪知民初字第502号
2871741,(2015)沪知民初字第503号
2871742,(2015)沪知民初字第549号
2871743,(2015)沪知民初字第581-587号
2871744,cn-(2015)沪知民初字第58号
2871745,(2015)沪知民初字第603号
2871746,(2015)沪知民初字第654号
2871747,cn-(2015)沪知民初字第707号
2871748,(2015)沪知民终字第459号
2871749,(2015)沪知民终字第601号
2871750,(2015)沪知民终字第602号
2871751,(2015)沪知民终字第633号
2871752,(2015)沪知民终字第635号
2871753,(2015)沪知民终字第636号
2871754,(2015)沪知民终字第637号
2871755,(2015)沪知民终字第638号
2871756,(2015)沪知民终字第639号
2871757,(2015)沪知民终字第640号
2871758,(2015)沪知民终字第653号
2886920,(2015)沪知民初字第13号
2886922,(2015)沪知民初字第145号
2886923,(2015)沪知民初字第156号
2886924,(2015)沪知民初字第233号
2886925,(2015)沪知民初字第30号
2886926,(2015)沪知民初字第421号
2886927,(2015)沪知民初字第422号
2886928,(2015)沪知民初字第423号
2886929,(2015)沪知民初字第424号
2886930,(2015)沪知民初字第425号
2886932,(2015)沪知民初字第515号
2886933,(2015)沪知民初字第612号
2886936,(2015)沪知民终字第571号
2886937,(2015)沪知民终字第596号
2886938,(2015)沪知民终字第604号
2886939,(2015)沪知民终字第634号
2890979,(2015)沪知民初字第128号
2890980,(2015)沪知民初字第129号
2890981,(2015)沪知民初字第130号
2890982,(2015)沪知民初字第131号
2890983,(2015)沪知民初字第132号
2890984,(2015)沪知民初字第358号
2890985,(2015)沪知民初字第359号
2890986,(2015)沪知民初字第379号
2890987,(2015)沪知民初字第380号
2890988,(2015)沪知民初字第415号
2890989,(2015)沪知民初字第416号
2890990,(2015)沪知民初字第417号
2890991,(2015)沪知民初字第420号
2892897,(2015)沪知民终字第451号
2892898,(2015)沪知民终字第569号
2892900,(2015)沪知民终字第590号
2895698,(2015)沪知民初字第153号
2895699,(2015)沪知民初字第154号
2895700,(2015)沪知民初字第184-186号
2895701,(2015)沪知民初字第244号
2895702,(2015)沪知民初字第279号
2895703,(2015)沪知民初字第280号
2895704,(2015)沪知民初字第381号
2895705,(2015)沪知民初字第429号
2895706,(2015)沪知民初字第438号
2895707,(2015)沪知民初字第528号
2895708,(2015)沪知民初字第561号
2895709,(2015)沪知民初字第562号
2895710,(2015)沪知民初字第591号
2895711,(2015)沪知民初字第636号
2895712,(2015)沪知民初字第637号
2895713,(2015)沪知民初字第638号
2895714,(2015)沪知民初字第647号
2895715,(2015)沪知民初字第656号
2895716,(2015)沪知民初字第658号
2895717,(2015)沪知民初字第666号
2895718,(2015)沪知民初字第667号
2895719,(2015)沪知民初字第668号
2895720,(2015)沪知民初字第669号
2895721,(2015)沪知民初字第670号
2895722,(2015)沪知民初字第671号
2895723,(2015)沪知民初字第681号
2895724,(2015)沪知民初字第705号
2895725,cn-(2015)沪知民初字第708号
2895726,cn-(2015)沪知民初字第709号
2895727,(2015)沪知民初字第712号
2895728,(2015)沪知民初字第719号
2895729,(2015)沪知民初字第738-740号
2895730,(2015)沪知民初字第752-753号
2895731,(2015)沪知民初字第756-757号
2895732,(2015)沪知民初字第760号
2895733,(2015)沪知民终字第740号
2916395,cn-(2015)沪知民初字第339号
2916396,(2015)沪知民初字第499号
2916397,(2015)沪知民初字第504号
2916398,(2015)沪知民初字第530号
2916399,(2015)沪知民初字第648号
2916400,(2015)沪知民初字第651号
2916401,(2015)沪知民初字第698号
2916402,(2015)沪知民初字第713号
2916403,(2015)沪知民初字第716-718号
2916404,(2015)沪知民初字第770号
2916405,(2015)沪知民终字第643号
2916406,(2015)沪知民终字第676号
2916407,(2015)沪知民终字第731号
2916408,(2015)沪知民终字第755号
2916409,(2015)沪知民终字第756号
2919723,(2015)沪知民初字第501号
2919724,cn-(2015)沪知民初字第624号
2919725,(2015)沪知民初字第643-646号
2919726,(2015)沪知民初字第649号
2919727,(2015)沪知民初字第650号
2919728,(2015)沪知民初字第769号
2919729,(2015)沪知民初字第778号
2919730,(2015)沪知民初字第779号
2919731,(2015)沪知民终字第758号
2919732,(2015)沪知民终字第780号
2920489,(2015)沪知民初字第342-343号
2920490,(2015)沪知民初字第344号
2920491,(2015)沪知民初字第345-346号
2920492,(2015)沪知民初字第457号
2920493,(2015)沪知民初字第459号
2920494,(2015)沪知民终字第778号
2920495,cn-(2015)沪知民终字第781号
2928427,(2015)沪知民初字第168号
2928428,(2015)沪知民初字第278号
2928429,cn-(2015)沪知民初字第735号
2928430,(2015)沪知民初字第736号
2928431,cn-(2015)沪知民初字第737号
2928432,(2015)沪知民初字第766号
2928433,(2015)沪知民初字第775号
2928434,(2015)沪知民初字第784号
2928435,(2015)沪知民初字第787号
2928436,(2015)沪知民初字第798号
2928437,(2015)沪知民终字第737号
2928438,(2015)沪知民终字第738号
2928478,(2015)沪知民初字第144号
2928479,(2015)沪知民初字第46号
2928480,(2015)沪知民初字第628号
2928481,(2015)沪知民申字第1号
2928482,(2015)沪知民终字第305号
2928483,(2015)沪知民终字第656号
2928484,(2015)沪知民终字第724号
2963809,(2015)沪知民初字第271号
2963810,(2015)沪知民初字第273号
2963811,(2015)沪知民初字第512-514号
2963812,(2015)沪知民初字第518号
2963813,(2015)沪知民初字第582号
2963814,(2015)沪知民初字第583号
2963815,(2015)沪知民初字第584号
2963816,(2015)沪知民初字第585号
2963817,(2015)沪知民初字第586号
2963818,(2015)沪知民初字第587号
2963819,(2015)沪知民初字第631号
2963820,(2015)沪知民初字第642号
2963821,(2015)沪知民初字第663号
2963822,(2015)沪知民初字第686-687号
2963823,(2015)沪知民初字第714号
2963824,(2015)沪知民初字第715号
2963825,(2015)沪知民初字第720-721号
2963826,(2015)沪知民初字第722号
2963827,(2015)沪知民初字第731号
2963828,(2015)沪知民初字第750号
2963829,(2015)沪知民初字第762号
2963830,(2015)沪知民初字第763号
2963831,(2015)沪知民初字第772号
2963832,(2015)沪知民终字第785号
2965774,(2015)沪知民初字第426号
2965775,(2015)沪知民初字第543号
2965776,(2015)沪知民终字第673号
2965777,(2015)沪知民终字第739号
2965778,(2015)沪知民终字第753号
2965779,(2015)沪知民终字第757号
2965780,(2015)沪知民终字第787号
2965789,(2016)沪73民辖终1号
2972950,(2015)沪知民终字第317号
2972951,(2015)沪知民终字第574号
2979861,(2015)沪知民初字第101号
2992389,(2016)沪知民初字第15号
2992390,(2016)沪知民初字第16号
2992391,(2016)沪知民初字第23号
2992392,(2016)沪知民初字第78号
2992393,(2016)沪知民初字第79号
2992394,(2016)沪知民初字第7号
2992395,(2016)沪知民终字第22号
2992396,(2016)沪知民终字第24号
2992397,(2016)沪知民终字第31号
3003136,(2015)沪知民终字第788号
3003156,(2016)沪73民辖终4号
3013309,(2015)沪知民终字第252号
3013310,(2015)沪知民终字第253号
3016326,(2015)沪知民终字第214号
3020433,(2015)沪知民终字第68号
3026600,(2015)沪知民初字第281号
3026601,(2015)沪知民初字第309号
3026602,(2015)沪知民初字第310号
3026603,(2015)沪知民初字第378号
3026604,(2015)沪知民初字第427号
3026605,(2015)沪知民初字第512号
3026606,(2015)沪知民初字第513号
3026607,cn-(2015)沪知民初字第514号
3026608,(2015)沪知民初字第542号
3026609,(2015)沪知民初字第544号
3026610,(2015)沪知民初字第629号
3026611,(2015)沪知民初字第630号
3026612,(2015)沪知民初字第644号
3026613,cn-(2015)沪知民初字第645号
3026614,(2015)沪知民初字第646号
3026615,(2015)沪知民初字第761号
3026616,(2015)沪知民初字第792号
3026617,(2015)沪知民终字第525号
3026618,(2015)沪知民终字第566号
3026619,(2015)沪知民终字第728号
3026620,(2016)沪知民初字第20号
3026621,(2016)沪知民初字第59-61号
3026622,(2016)沪知民初字第62-64号
3026623,(2016)沪知民初字第65-67号
3026624,(2016)沪知民初字第8号
3026625,(2016)沪知民初字第9号
3026626,(2016)沪知民终字第25号
3026627,(2016)沪知民终字第33号
3026628,(2016)沪知民终字第34号
3026629,(2016)沪知民终字第42号
3026630,(2016)沪知民终字第44号
3027082,(2015)沪知民初字第269-270号
3027083,(2015)沪知民初字第462号
3027084,(2015)沪知民初字第634号
3027085,(2015)沪知民初字第748号
3027086,(2015)沪知民初字第768号
3027087,(2015)沪知民初字第802-805号
3027088,(2015)沪知民初字第806-809号
3027089,(2016)沪73民初121号_Hearing_IS
3027090,(2016)沪73民初126-127号
3027091,(2016)沪73民初175-176号
3027092,(2016)沪73民初177-178号
3027093,(2016)沪73民初19号
3027094,(2016)沪73民初21号
3027095,cn-(2016)沪73民初33号
3027096,(2016)沪73民初36号
3027097,(2016)沪73民初38号
3027098,(2016)沪73民初39-40号
3027099,(2016)沪73民初44号
3027100,(2016)沪73民初45号
3027101,(2016)沪73民初46号
3027102,(2016)沪73民初47号
3027103,(2016)沪73民初48号
3027104,cn-(2016)沪73民初49号
3027105,(2016)沪73民初51-53号
3027106,(2016)沪73民初54-56号
3027107,(2016)沪73民初57-58号
3027108,(2016)沪73民初69号
3027109,(2016)沪73民初70号
3027110,(2016)沪73民初76号_Hearing_IS
3027111,(2016)沪73民初78号
3027112,(2016)沪73民初79号
3027113,(2016)沪73民初82-87号
3027114,(2016)沪73民初88-89号
3027115,(2016)沪73民初90-91号
3027116,(2016)沪73民初92号
3027117,(2016)沪73民初93号
3027118,cn-(2016)沪73民初94号
3027119,cn-(2016)沪73民初95号
3027120,(2016)沪73民初96号
3027121,(2016)沪知民初字第45号
3027122,(2016)沪知民初字第76号
3027123,(2016)沪知民初字第96号
3027480,(2015)沪知民终字第522号
3027481,(2015)沪知民终字第789号
3041476,(2015)沪知民终字第401号
3041477,(2015)沪知民终字第754号
3041585,(2016)沪73民终1号
3041586,(2016)沪73民终31号
3041587,(2016)沪73民辖终19号
3048887,(2015)沪知民终字第801号
3048984,(2016)沪73民终14号
3050693,(2015)沪知民初字第295号
3050694,(2015)沪知民初字第311号
3050695,(2015)沪知民初字第800号
3050696,(2015)沪知民初字第801号
3050697,(2015)沪知民初字第803号
3050698,(2015)沪知民初字第804号
3050699,(2016)沪73民初100号
3050700,(2016)沪73民初102号
3050701,(2016)沪73民初103号
3050702,(2016)沪73民初104号
3050703,(2016)沪73民初105号
3050704,(2016)沪73民初110号
3050705,cn-(2016)沪73民初117号
3050706,cn-(2016)沪73民初118号
3050707,(2016)沪73民初119号
3050708,(2016)沪73民初120号
3050709,(2016)沪73民初122号
3050710,(2016)沪73民初123号
3050711,cn-(2016)沪73民初128号
3050712,(2016)沪73民初129号
3050713,cn-(2016)沪73民初130号
3050714,cn-(2016)沪73民初132号
3050715,(2016)沪73民初133号
3050716,cn-(2016)沪73民初15号
3050717,(2016)沪73民初165号
3050718,(2016)沪73民初166号
3050719,(2016)沪73民初167号
3050720,(2016)沪73民初168号
3050721,(2016)沪73民初169号
3050722,cn-(2016)沪73民初16号
3050723,(2016)沪73民初170号
3050724,(2016)沪73民初171号
3050725,(2016)沪73民初172号
3050726,(2016)沪73民初173号
3050727,(2016)沪73民初179号
3050728,(2016)沪73民初180号
3050729,(2016)沪73民初181号
3050730,(2016)沪73民初182号
3050731,(2016)沪73民初183号
3050732,(2016)沪73民初184号
3050733,(2016)沪73民初186号
3050734,(2016)沪73民初187号
3050735,(2016)沪73民初188号
3050736,(2016)沪73民初191号
3050737,(2016)沪73民初199号
3050738,(2016)沪73民初208号
3050739,(2016)沪73民初218号
3050740,(2016)沪73民初230号_Hearing_IS
3050741,cn-(2016)沪73民初231号
3050742,(2016)沪73民初28号
3050743,(2016)沪73民初59号
3050744,(2016)沪73民初60号
3050745,(2016)沪73民初61号
3050746,(2016)沪73民初62号
3050747,(2016)沪73民初63号
3050748,(2016)沪73民初64号
3050749,(2016)沪73民初65号
3050750,(2016)沪73民初66号
3050751,(2016)沪73民初67号
3050752,cn-(2016)沪73民初7号
3050753,cn-(2016)沪73民初9号
3050754,(2016)沪73民终101号
3050755,(2016)沪73民终24号
3050756,(2016)沪73民终47号
3050757,(2016)沪73民终49号
3050758,(2016)沪73民终50号
3050759,cn-(2016)沪73民终55号
3050760,(2016)沪73民终68号
3050761,(2016)沪73民终70号
3050762,(2016)沪73民终72号
3050763,(2016)沪73民终74号
3050764,(2016)沪73民终78号
3050765,(2016)沪73民终84号
3050766,(2016)沪73行初2号
3053401,(2015)沪知民初字第567号
3053402,cn-(2016)沪73民初124号
3053403,cn-(2016)沪73民初125号
3053404,(2016)沪73民初156号
3053405,cn-(2016)沪73民初192号
3053406,(2016)沪73民初194号
3053407,(2016)沪73民初195号
3053408,(2016)沪73民初196号
3053409,cn-(2016)沪73民初197号
3053410,(2016)沪73民初209号
3053411,(2016)沪73民初210号
3053412,cn-(2016)沪73民初219号
3053413,cn-(2016)沪73民初220号
3053414,cn-(2016)沪73民初221号
3053415,cn-(2016)沪73民初223号
3053416,(2016)沪73民初233号
3053417,(2016)沪73民初242号
3053418,(2016)沪73民初77号
3070220,(2015)沪知民终字第800号
3070388,(2016)沪73民终60号
3070389,(2016)沪73民辖终22号
3070390,(2016)沪73民辖终95号
3070391,(2016)沪73民辖终96号
3078655,cn-(2015)沪知民初字第127号
3078656,(2015)沪知民初字第284号
3078657,cn-(2015)沪知民初字第388号
3078658,(2015)沪知民初字第389号
3078659,(2015)沪知民初字第505号
3078660,(2015)沪知民初字第702号
3078661,cn-(2015)沪知民初字第703号
3078662,(2015)沪知民初字第738号
3078663,(2015)沪知民初字第740号
3078664,(2016)沪73民初131号
3078665,(2016)沪73民初185号
3078666,cn-(2016)沪73民初213号
3078667,(2016)沪73民初217号
3078668,(2016)沪73民初224号
3078669,(2016)沪73民初249号
3078670,(2016)沪73民初250号
3078671,(2016)沪73民初251号
3078672,(2016)沪73民初252号
3078673,(2016)沪73民初256号
3078674,(2016)沪73民初258号
3078675,cn-(2016)沪73民初260号
3078676,(2016)沪73民初97号
3078677,(2016)沪73民初98号
3078678,(2016)沪73民终103号
3078679,cn-(2016)沪73民终106号
3078680,(2016)沪73民终108号
3078681,(2016)沪73民终109号
3078682,(2016)沪73民终54号
3078683,(2016)沪73民终64号
3078684,(2016)沪73民终65号
3078685,(2016)沪73民终66号
3078686,(2016)沪73民终69号
3078687,(2016)沪民终114号
3092257,(2015)沪知民初字第463号
3103531,(2015)沪知民初字第184号
3103532,(2015)沪知民初字第185号
3103533,(2015)沪知民初字第186号
3103534,(2015)沪知民初字第187号
3103535,(2015)沪知民初字第188号
3103536,(2015)沪知民初字第189号
3103537,cn-(2015)沪知民初字第294号
3103538,(2015)沪知民初字第414号
3103539,(2016)沪73民初18号
3103540,(2016)沪73民初193号
3103541,(2016)沪73民初246号
3103542,(2016)沪73民初276号
3103543,(2016)沪73民初277号
3103544,(2016)沪73民终122号
3141388,(2015)沪知民初字第105号
3141389,(2015)沪知民初字第752号
3141390,(2015)沪知民初字第753号
3141391,(2015)沪知民初字第802号
3141392,(2015)沪知民初字第805号
3141393,(2015)沪知民初字第806号
3141394,(2015)沪知民初字第807号
3141395,(2015)沪知民初字第808号
3141396,(2016)沪73民初134号
3141397,(2016)沪73民初135号
3141398,(2016)沪73民初146号
3141399,(2016)沪73民初147号
3141400,(2016)沪73民初148号
3141401,(2016)沪73民初149号
3141402,(2016)沪73民初150号
3141403,(2016)沪73民初151号
3141404,(2016)沪73民初157号_Hearing_IS
3141405,(2016)沪73民初228号
3141406,(2016)沪73民初229号
3141407,(2016)沪73民初269号
3141408,(2016)沪73民初270号
3141409,(2016)沪73民初282号
3141410,(2016)沪73民初285号_Hearing_IS
3141411,(2016)沪73民初332号
3141412,(2016)沪73民初333号
3141413,(2016)沪73民初334号
3141414,(2016)沪73民初81号
3141415,cn-(2016)沪73民终125号
3141416,(2016)沪73民终137号
3143926,(2015)沪知民初字第437号
3143927,(2015)沪知民初字第507号
3143928,(2015)沪知民初字第704号
3143929,(2015)沪知民初字第720号
3143930,(2015)沪知民初字第721号
3143931,(2016)沪73民初152号
3143932,(2016)沪73民初153号
3143933,(2016)沪73民初253号
3143934,(2016)沪73民初267号
3143935,(2016)沪73民初268号
3143936,(2016)沪73民初271号
3143937,cn-(2016)沪73民初272号
3143938,(2016)沪73民初273号
3143939,(2016)沪73民初274号
3143940,(2016)沪73民初286号
3143941,cn-(2016)沪73民初297号
3143942,(2016)沪73民初298号
3143943,(2016)沪73民初300号
3143944,(2016)沪73民初301号
3143945,(2016)沪73民初304号
3143946,(2016)沪73民初305号
3143947,cn-(2016)沪73民初312号
3143948,(2016)沪73民初313号
3143949,(2016)沪73民初314号
3143950,(2016)沪73民初346号
3143951,cn-(2016)沪73民初347号
3143952,(2016)沪73民初353号
3143953,(2016)沪73民初354号
3143954,(2016)沪73民终127号
3143955,(2016)沪73民终128号
3143956,(2016)沪73民终129号
3143957,(2016)沪73民终130号
3151177,(2016)沪73民辖终149号
3155208,(2016)沪73民初10号
3155209,(2016)沪73民初126号
3155210,(2016)沪73民初127号
3155211,(2016)沪73民初154号
3155212,(2016)沪73民初201号
3155213,(2016)沪73民初203号
3155214,(2016)沪73民初205号
3155215,(2016)沪73民初212号
3155216,(2016)沪73民初215号
3155217,(2016)沪73民初216号
3155218,(2016)沪73民初248号
3155219,(2016)沪73民初287号
3155220,(2016)沪73民初289号
3155221,(2016)沪73民初290号
3155222,(2016)沪73民初292号
3155223,cn-(2016)沪73民初293号
3155224,(2016)沪73民初327号
3155225,(2016)沪73民初344号
3155226,(2016)沪73民初348号
3155227,(2016)沪73民初349号
3155228,(2016)沪73民初350号
3155229,cn-(2016)沪73民初374号
3155230,(2016)沪73民初385号
3155231,(2016)沪73民初386号
3155232,(2016)沪73民初390号
3155233,cn-(2016)沪73民初39号
3155234,(2016)沪73民初40号
3155235,(2016)沪73民初51号
3155236,(2016)沪73民初52号
3155237,(2016)沪73民初53号
3155238,(2016)沪73民终107号
3155239,(2016)沪73民终136号
3155240,(2016)沪73民终141号
3155241,(2016)沪73民终142号
3155242,(2016)沪73民终151号
3155243,(2016)沪73民终153号
3155244,(2016)沪73民终154号
3157407,(2016)沪73民初87号
3159966,(2016)沪73民初82号
3159967,(2016)沪73民初85号
3159968,(2016)沪73民初86号
3159969,(2016)沪73民初90号
3159970,(2016)沪73民终25号
3161737,cn-(2016)沪73民初14号
3161738,(2016)沪73民初362号
3161739,(2016)沪73民初384号
3161740,(2016)沪73民终132号
3161741,(2016)沪73民终196号
3168980,(2015)沪知民初字第218号
3168981,(2015)沪知民初字第686号
3168982,(2015)沪知民初字第723号
3168983,(2016)沪73民初159号
3168984,(2016)沪73民初189号
3168985,(2016)沪73民初365号
3168986,(2016)沪73民初366号
3168987,(2016)沪73民初381号
3168988,(2016)沪73民初382号
3168989,(2016)沪73民初383号
3168990,(2016)沪73民初436号
3168991,(2016)沪73民初444号
3168992,(2016)沪73民初72号
3168993,(2016)沪73民终203号
3168994,(2016)沪73民终71号
3169066,(2015)沪知民初字第506号
3178594,(2015)沪知民初字第581号
3178631,(2015)沪知民初字第687号
3178632,(2016)沪73民初101号
3178633,(2016)沪73民初141号
3178634,(2016)沪73民初459号
3178635,(2016)沪73民初460号
3178636,(2016)沪73民初461号
3178637,cn-(2016)沪73民初485号
3178638,(2016)沪73民初486号
3178639,(2016)沪73民终197号
3178640,(2016)沪73民终207号
3178641,(2016)沪73民终209号
3178642,(2016)沪73民终210号
3178643,(2016)沪73民终211号
3178644,(2016)沪73民终217号
3178822,(2015)沪知民初字第276号
3178926,(2016)沪73民辖终275号
3190327,(2015)沪知民初字第739号
3190328,(2015)沪知民初字第758号
3190329,(2016)沪73民初423号
3190330,(2016)沪73民初424号
3190331,(2016)沪73民初463号
3190332,(2016)沪73民初465号
3190333,(2016)沪73民初466号
3190334,(2016)沪73民初467号
3190335,(2016)沪73民初468号
3190336,(2016)沪73民初488号
3190337,(2016)沪73民初489号
3190338,(2016)沪73民初490号
3190339,(2016)沪73民初491号
3190340,cn-(2016)沪73民终208号
3190341,(2016)沪73民终221号
3195536,(2015)沪知民初字第665号
3195537,(2015)沪知民初字第675号
3195538,(2015)沪知民初字第676号
3195539,(2015)沪知民初字第693号
3195649,(2016)沪73民初462号
3195650,(2016)沪73民初54号
3195651,(2016)沪73民初55号
3195652,(2016)沪73民初56号
3195653,(2016)沪73民初83号
3195654,(2016)沪73民初84号
3195655,(2016)沪73民初88号
3195656,(2016)沪73民初89号
3195657,(2016)沪73民初91号
3196961,(2015)沪知民终字第165号
3197406,(2016)沪73民初26号
3197407,(2016)沪73民终124号
3197408,(2016)沪73民辖终21号
3197409,(2016)沪73民辖终346号
3197410,(2016)沪73民辖终347号
3199396,(2015)沪知民初字第692号
3226689,(2016)沪73民初111号
3226690,(2016)沪73民初113号
3226691,(2016)沪73民初114号
3226692,(2016)沪73民初50号
3226693,(2016)沪73民终243号
3226694,(2016)沪73民终246号
3230206,(2015)沪知民初字第694号
3238787,(2015)沪知民初字第521号
3238788,(2015)沪知民初字第743号
3238789,(2016)沪73民初155号
3238790,(2016)沪73民初234号
3238791,(2016)沪73民初315号
3238792,(2016)沪73民初316号
3238793,cn-(2016)沪73民初429号
3238794,cn-(2016)沪73民初430号
3238795,(2016)沪73民初493号
3238796,(2016)沪73民初578号
3238797,(2016)沪73民初593号
3238798,(2016)沪73民终239号
3238799,(2016)沪73民终245号
3238800,(2016)沪73民终265号
3238801,(2016)沪73民终278号
3242623,(2015)沪知民初字第342号
3242624,(2015)沪知民初字第345号
3242625,(2015)沪知民初字第604号
3242626,(2016)沪73民初115号
3242627,(2016)沪73民初116号
3242628,(2016)沪73民初222号
3242629,(2016)沪73民初23号
3242630,(2016)沪73民初24号
3242631,(2016)沪73民初25号
3242632,(2016)沪73民初288号
3242633,(2016)沪73民初291号
3242634,(2016)沪73民初377号
3242635,(2016)沪73民初389号
3242636,(2016)沪73民初412号
3242637,(2016)沪73民初418号
3242638,cn-(2016)沪73民初419号
3242639,cn-(2016)沪73民初428号
3242640,(2016)沪73民初457号
3242641,(2016)沪73民初458号
3242642,(2016)沪73民初475号
3242643,(2016)沪73民初476号
3242644,(2016)沪73民初484号
3242645,(2016)沪73民初492号
3242646,(2016)沪73民初503号
3242647,(2016)沪73民初509号
3242648,(2016)沪73民初510号
3242649,(2016)沪73民初512号
3242650,cn-(2016)沪73民初529号
3242651,cn-(2016)沪73民初530号
3242652,(2016)沪73民初547号
3242653,cn-(2016)沪73民初548号
3242654,(2016)沪73民初551号
3242655,(2016)沪73民初552号
3242656,(2016)沪73民初553号
3242657,(2016)沪73民初557号
3242658,(2016)沪73民初558号
3242659,cn-(2016)沪73民初559号
3242660,(2016)沪73民初571号
3242661,cn-(2016)沪73民初579号
3242662,cn-(2016)沪73民初580号
3242663,(2016)沪73民初594号
3242664,(2016)沪73民初595号
3242665,(2016)沪73民初596号
3242666,(2016)沪73民终190号
3242667,(2016)沪73民终235号
3242668,(2016)沪73民终241号
3242669,(2016)沪73民终242号
3242670,(2016)沪73民终248号
3242671,(2016)沪73民终262号
3251721,(2016)沪73民初235号
3251722,(2016)沪73民初302号
3251723,cn-(2016)沪73民初415号
3251724,cn-(2016)沪73民初425号
3251725,cn-(2016)沪73民初426号
3251726,cn-(2016)沪73民初432号
3251727,cn-(2016)沪73民初433号
3251728,(2016)沪73民初447号
3251729,(2016)沪73民初448号
3251730,cn-(2016)沪73民初453号
3251731,cn-(2016)沪73民初469号
3251732,cn-(2016)沪73民初498号
3251733,(2016)沪73民初523号
3251734,cn-(2016)沪73民初524号
3251735,(2016)沪73民初531号
3251736,cn-(2016)沪73民初535号
3251737,(2016)沪73民初550号
3251738,(2016)沪73民初583号
3251739,cn-(2016)沪73民初584号
3251740,cn-(2016)沪73民初585号
3251741,cn-(2016)沪73民初586号
3251742,(2016)沪73民初711号
3251743,cn-(2016)沪73民初712号
3251744,(2016)沪73民初713号
3251745,cn-(2016)沪73民初714号
3251746,cn-(2016)沪73民初496号
3251803,cn-(2016)沪73民初310号
3251804,(2016)沪73民初328号
3251805,cn-(2016)沪73民初416号
3251806,cn-(2016)沪73民初470号
3251807,cn-(2016)沪73民初497号
3251808,(2016)沪73民初538号
3251809,(2016)沪73民初539号
3251810,(2016)沪73民初540号
3253948,(2016)沪73民初275号
3253949,(2016)沪73民终204号
3253950,(2016)沪73民终205号
3253951,(2016)沪73民终206号
3253952,(2016)沪73民终226号
3253953,(2016)沪73民终263号
3253954,(2016)沪73民辖终371号
3253955,(2016)沪73民辖终372号
3253956,(2016)沪73民辖终411号
3253957,(2016)沪73民辖终431号
3256577,(2015)沪知民初字第275号
3256578,(2015)沪知民初字第448号
3256579,(2015)沪知民初字第449号
3256580,(2015)沪知民初字第450号
3256581,(2015)沪知民初字第451号
3256582,(2015)沪知民初字第452号
3256583,(2015)沪知民初字第453号
3256926,(2016)沪73民辖终345号
3257608,(2016)沪73民初266号
3257609,(2016)沪73民初405号
3257610,(2016)沪73民初451号
3257611,cn-(2016)沪73民初516号
3257612,(2016)沪73民初728号
3257613,(2016)沪73民初733号
3257614,(2016)沪73民初734号
3263052,(2016)沪73民初57号
3263053,(2016)沪73民初58号
3263054,(2016)沪73民辖6号
3263055,(2016)沪73民辖终356号
3264821,(2016)沪73民初240号
3264822,(2016)沪73民初241号
3264823,(2016)沪73民初245号
3264824,(2016)沪73民初262号
3264825,(2016)沪73民初393号
3264826,(2016)沪73民初394号
3264827,cn-(2016)沪73民初420号
3264828,cn-(2016)沪73民初421号
3264829,cn-(2016)沪73民初434号
3264830,(2016)沪73民初514号
3264831,(2016)沪73民初515号
3264832,(2016)沪73民初517号
3264833,(2016)沪73民初518号
3264834,(2016)沪73民初693号
3264835,(2016)沪73民初698号
3264836,(2016)沪73民初700号
3264837,(2016)沪73民初701号
3264838,(2016)沪73民初732号
3264839,(2016)沪73民终286号
3273330,(2016)沪73民初20号
3273331,cn-(2016)沪73民初257号
3273332,cn-(2016)沪73民初431号
3273333,cn-(2016)沪73民终281号
3273334,(2016)沪73民终289号
3273354,(2016)沪73民初198号
3273355,(2016)沪73民初541号
3273356,(2016)沪73民初776号
3273357,(2016)沪73民终298号
3273360,(2015)沪知民初字第343号
3273377,(2016)沪73民辖终375号
3281813,(2016)沪73民初285号
3281822,(2016)沪73民辖终486号
3281823,(2016)沪73民辖终488号
3282909,(2015)沪知民初字第695号
3282910,(2015)沪知民初字第696号
3282911,(2015)沪知民初字第697号
3282912,(2015)沪知民初字第710号
3282913,(2015)沪知民初字第711号
3282914,(2015)沪知民初字第755号
3282915,(2015)沪知民初字第773号
3282916,(2015)沪知民初字第774号
3282926,(2016)沪73民初121号
3282927,(2016)沪73民初157号
3282928,(2016)沪73民初230号
3282929,(2016)沪73民初745号
3282930,(2016)沪73民初746号
3282931,(2016)沪73民初76号
3285258,cn-(2016)沪73民初499号
3285259,cn-(2016)沪73民初501号
3285260,(2016)沪73民初507号
3285261,(2016)沪73民初508号
3285262,cn-(2016)沪73民初574号
3285263,cn-(2016)沪73民初695号
3285264,(2016)沪73民初722号
3285265,(2016)沪73民初777号
3285266,(2016)沪73民终303号
3303599,(2015)沪知民初字第745号
3303600,(2015)沪知民初字第746号
3303601,(2015)沪知民初字第747号
3303602,cn-(2016)沪73民初399号
3303603,(2016)沪73民初401号
3303604,(2016)沪73民初522号
3303605,cn-(2016)沪73民初549号
3303606,cn-(2016)沪73民初572号
3303607,(2016)沪73民初589号
3303608,(2016)沪73民初590号
3303609,(2016)沪73民初694号
3303610,(2016)沪73民初715号
3303611,(2016)沪73民初718号
3303612,cn-(2016)沪73民初756号
3303613,cn-(2016)沪73民初757号
3303614,cn-(2016)沪73民初758号
3303615,cn-(2016)沪73民初760号
3303616,(2016)沪73民初761号
3303617,(2016)沪73民初762号
3303618,(2016)沪73民初767号
3303619,(2016)沪73民初768号
3303620,(2016)沪73民初771号
3303621,cn-(2016)沪73民初775号
3303622,cn-(2016)沪73民初784号
3303623,cn-(2016)沪73民初785号
3303624,cn-(2016)沪73民初786号
3303625,cn-(2016)沪73民初787号
3303626,cn-(2016)沪73民初788号
3303627,cn-(2016)沪73民初789号
3303628,cn-(2016)沪73民初790号
3303629,cn-(2016)沪73民初791号
3303630,cn-(2016)沪73民初792号
3303631,cn-(2016)沪73民初793号
3303632,cn-(2016)沪73民初795号
3303633,cn-(2016)沪73民初796号
3303634,cn-(2016)沪73民初799号
3303635,cn-(2016)沪73民初800号
3303636,(2016)沪73民初810号
3303637,(2016)沪73民初811号
3303638,cn-(2016)沪73民初812号
3303639,cn-(2016)沪73民初813号
3303640,cn-(2016)沪73民初817号
3303641,(2016)沪73民初824号
3303642,(2016)沪73民初826号
3303643,(2016)沪73民初827号
3303644,cn-(2016)沪73民初830号
3303645,(2016)沪73民初837号
3303646,(2016)沪73民初838号
3303647,(2016)沪73民初839号
3303648,(2016)沪73民初840号
3303649,cn-(2016)沪73民终264号
3303650,cn-(2016)沪73民终309号
3303651,cn-(2016)沪73民终310号
3305531,(2016)沪73民初261号
3305532,(2016)沪73民初378号
3305533,cn-(2016)沪73民初511号
3305534,(2016)沪73民初519号
3305535,(2016)沪73民初520号
3305536,(2016)沪73民初565号
3305537,(2016)沪73民初691号
3305538,(2016)沪73民初751号
3305539,cn-(2016)沪73民初759号
3305540,(2016)沪73民终320号
3314244,(2015)沪知民初字第461号
3314245,(2016)沪73民初576号
3314246,(2016)沪73民初707号
3314247,cn-(2016)沪73民初774号
3314248,(2016)沪73民初846号
3314249,(2016)沪73民初847号
3314250,(2016)沪73民终323号
3334851,(2016)沪73民终319号
3344402,(2016)沪73民初214号
3344403,(2016)沪73民初225号
3344404,(2016)沪73民初545号
3344726,(2016)沪73民初703号
3344727,(2016)沪73民初704号
3346964,(2016)沪73民初174号
3346965,(2016)沪73民初244号
3346966,(2016)沪73民初505号
3351954,(2016)沪73民初743号
3351955,(2016)沪73民初825号
3351956,(2016)沪73民初828号
3351957,(2016)沪73民初836号
3351958,(2016)沪73民终331号
3352043,(2015)沪知民初字第306号
3356292,(2016)沪73民初163号
3358072,(2016)沪73民初581号
3358073,(2016)沪73民初748号
3358074,(2016)沪73民初798号
3358075,(2016)沪73民初857号
3358076,(2016)沪73民初866号
3358077,(2016)沪73民终335号
3358078,(2016)沪73民终336号
3358079,(2016)沪73民终337号
3358080,(2016)沪73民终339号
3358081,(2016)沪73民终341号
3358082,(2016)沪73民终355号
3358698,(2016)沪73民辖终526号
3359697,(2016)沪73民初200号
3359698,(2016)沪73民初202号
3359699,(2016)沪73民初204号
3359700,(2016)沪73民初206号
3364837,(2016)沪73民初137号
3364838,(2016)沪73民初138号
3364839,(2016)沪73民初139号
3365863,(2015)沪知民终字第272号
3365864,(2015)沪知民终字第273号
3365865,(2015)沪知民终字第461号
3369634,(2015)沪知民初字第356号
3369635,(2015)沪知民初字第716号
3369636,(2015)沪知民初字第717号
3369637,(2015)沪知民初字第718号
3369641,(2016)沪73民初454号
3369642,(2016)沪73民辖终544号
3371190,cn-(2016)沪73民辖终499号
3372244,(2015)沪知民初字第58号
3373953,(2016)沪73民初213号
3374949,(2015)沪知民终字第200号
3377478,(2016)沪73民初8号
3377479,(2016)沪73民初9号
3377947,(2015)沪知民初字第707号
3378650,cn-(2016)沪73民初443号
3379756,(2015)沪知民初字第85号
3381842,(2015)沪知民初字第228号
3381932,(2016)沪73民终106号
3382171,(2015)沪知民初字第419号
3382172,(2015)沪知民初字第514号
3382173,(2015)沪知民初字第555号
3382207,(2016)沪73民初130号
3399401,(2015)沪知民初字第127号
3399402,(2015)沪知民初字第227号
3399403,(2015)沪知民终字第781号
3399446,(2016)沪73民终55号
3399447,(2016)沪73民辖终171号
3402164,(2016)沪73民初368号
3402165,(2016)沪73民初806号
3402166,cn-(2017)沪73民终7号
3402759,(2016)沪73民终44号
3402970,(2016)沪73民辖终183号
3402971,(2016)沪73民辖终189号
3412466,(2016)沪73民初791号
3412467,(2016)沪73民初792号
3412468,(2016)沪73民初793号
3412469,(2016)沪73民初794号
3412470,(2016)沪73民初796号
3415787,cn-(2017)沪73民初38号
3415788,(2017)沪73民初39号
3415789,(2017)沪73民初40号
3415790,cn-(2017)沪73民终21号
3417930,(2016)沪73民辖终573号
3417975,(2017)沪73民辖终7号
3417976,(2017)沪73民辖终8号
3417977,(2017)沪73民辖终9号
3421090,(2016)沪73民初297号
3422529,上海知识产权法院-日本电产精密株式会社-上海安和精密电子电器有限公司-起诉信息
3423813,(2016)沪73民初272号
3423814,(2016)沪73民初347号
3430880,(2016)沪73民初778号
3430881,(2017)沪73民终1号
3438367,(2016)沪73民终279号
3439998,(2015)沪知民初字第339号
3447813,(2016)沪73民辖终487号
3448147,(2016)沪73民辖终514号
3450260,(2016)沪73民终30号
3455553,(2016)沪73民初643号
3455554,(2016)沪73民初644号
3455555,(2016)沪73民初645号
3455556,(2016)沪73民初646号
3455557,(2016)沪73民初647号
3455558,(2016)沪73民初648号
3455559,(2016)沪73民初649号
3455560,(2016)沪73民初650号
3455561,(2016)沪73民初651号
3455562,(2016)沪73民初652号
3455563,(2016)沪73民初653号
3455564,(2016)沪73民初654号
3455565,(2016)沪73民初655号
3455566,(2016)沪73民初656号
3455567,(2016)沪73民初657号
3455568,(2016)沪73民初658号
3455569,(2016)沪73民初659号
3455570,(2016)沪73民初660号
3455571,(2016)沪73民初661号
3455572,(2016)沪73民初666号
3455573,(2016)沪73民初667号
3455574,(2016)沪73民初668号
3455575,(2016)沪73民初669号
3455576,(2016)沪73民初670号
3455577,(2016)沪73民初671号
3455578,(2016)沪73民初672号
3455579,(2016)沪73民初673号
3455580,(2016)沪73民初674号
3455581,(2016)沪73民初675号
3455582,(2016)沪73民初676号
3455583,(2016)沪73民初677号
3455584,(2016)沪73民初678号
3455585,(2016)沪73民初679号
3455586,(2016)沪73民初680号
3455587,(2016)沪73民初681号
3455588,(2016)沪73民初682号
3455589,(2016)沪73民初683号
3455590,(2016)沪73民初684号
3455591,(2016)沪73民初685号
3455592,(2016)沪73民终281号
3455593,(2016)沪73民辖终500号
3455594,(2016)沪73民辖终507号
3469943,(2016)沪73民终208号
3474915,(2016)沪73民初219号
3474916,(2016)沪73民初220号
3480323,(2016)沪73民辖终558号
3485285,(2017)沪民终33号
3506491,(2016)沪73民初575号
3506492,(2016)沪73民初879号
3506713,(2017)沪73民初104号
3506714,(2017)沪73民终7号
3509085,(2016)沪73民初221号
3509086,(2016)沪73民初500号
3509087,(2016)沪73民初502号
3509088,(2016)沪73民初7号
3512583,(2017)沪73民辖终25号
3512584,(2017)沪73民辖终5号
3512785,上海知识产权法院-胡涛-摩拜_Complaint_IS
3513201,(2017)沪73民初181号
3523130,(2016)沪73民初758号
3543154,(2017)沪73民初132号
3543155,(2017)沪73民初164号
3551091,(2016)沪73民初39号
3551092,(2016)沪73民初420号
3551093,(2016)沪73民初434号
3551094,(2016)沪73民初548号
3551095,(2016)沪73民初573号
3566219,(2015)沪知民初字第294号
3566220,(2015)沪知民初字第388号
3566221,(2015)沪知民初字第708号
3566222,(2015)沪知民初字第709号
3566370,(2016)沪73民初118号
3566371,(2016)沪73民初125号
3566372,(2016)沪73民初128号
3566373,(2016)沪73民初132号
3566374,(2016)沪73民初15号
3566375,(2016)沪73民初16号
3566376,(2016)沪73民初192号
3566377,(2016)沪73民初197号
3566378,(2016)沪73民初223号
3566379,(2016)沪73民初310号
3566380,(2016)沪73民初312号
3566381,(2016)沪73民初415号
3566382,(2016)沪73民初416号
3566383,(2016)沪73民初421号
3566384,(2016)沪73民初425号
3566385,(2016)沪73民初426号
3566386,(2016)沪73民初430号
3566387,(2016)沪73民初431号
3566388,(2016)沪73民初432号
3566389,(2016)沪73民初433号
3566390,(2016)沪73民初435号
3566391,(2016)沪73民初452号
3566392,(2016)沪73民初453号
3566393,(2016)沪73民初469号
3566394,(2016)沪73民初470号
3566395,(2016)沪73民初485号
3566396,(2016)沪73民初495号
3566397,(2016)沪73民初496号
3566398,(2016)沪73民初497号
3566399,(2016)沪73民初498号
3566400,(2016)沪73民初559号
3566401,(2016)沪73民初579号
3566402,(2016)沪73民初712号
3566403,(2016)沪73民初714号
3566404,(2016)沪73民初785号
3566405,(2016)沪73民初786号
3566406,(2016)沪73民初787号
3566407,(2016)沪73民初788号
3566408,(2016)沪73民初789号
3566409,(2016)沪73民初790号
3566410,(2016)沪73民初795号
3566411,(2016)沪73民初813号
3566412,(2016)沪73民初94号
3566413,(2016)沪73民初95号
3566824,(2016)沪73民初588号
3566825,(2016)沪73民初591号
3566826,(2016)沪73民初592号
3566827,(2016)沪73民初874号
3566828,(2016)沪73民初876号
3566829,cn-(2017)沪73民初106号
3566830,cn-(2017)沪73民初107号
3566831,(2017)沪73民初115号
3566832,(2017)沪73民初116号
3566833,(2017)沪73民初117号
3566834,(2017)沪73民初118号
3566835,(2017)沪73民初149号
3566836,cn-(2017)沪73民初155号
3566837,(2017)沪73民初159号
3566838,(2017)沪73民初166号
3566839,(2017)沪73民初174号
3566840,(2017)沪73民初200号
3566841,(2017)沪73民初234号
3566842,(2017)沪73民初289号
3566843,(2017)沪73民初290号
3566844,(2017)沪73民初31号
3566845,(2017)沪73民初45号
3566846,(2017)沪73民初46号
3566847,(2017)沪73民初47号
3566848,(2017)沪73民初90号
3566849,(2017)沪73民初91号
3566850,(2017)沪73民初94号
3566851,(2017)沪73民终169号
3566852,(2017)沪73民终174号
3566853,(2017)沪73民终189号
3566854,(2017)沪73民终191号
3566855,(2017)沪73民终192号
3566856,(2017)沪73民终193号
3566857,(2017)沪73民终194号
3566858,(2017)沪73民终197号
3566859,(2017)沪73民终198号
3566860,(2017)沪73民终200号
3566861,(2017)沪73民终207号
3580442,(2017)沪73民终57号
3581815,(2016)沪73民终104号
3581816,(2016)沪73民终125号
3581817,(2016)沪73民终309号
3581818,(2016)沪73民终310号
3581819,(2016)沪73民终37号
3582169,(2017)沪73民终141号
3582170,(2017)沪73民终21号
3582171,(2017)沪73民终39号
3582172,(2017)沪73民终56号
3582173,(2017)沪73民终68号
3582174,(2017)沪73民终91号
3582175,(2017)沪73民辖终23号
3582176,(2017)沪73民辖终33号
3582177,(2017)沪73民辖终42号
3582178,(2017)沪73民辖终43号
3582179,(2017)沪73民辖终45号
3582180,(2017)沪73民辖终48号
3582182,(2017)沪73民辖终74号
3596048,(2016)沪73民初756号
3596049,(2016)沪73民初757号
3596050,(2016)沪73民初799号
3596051,(2016)沪73民初800号
3602993,(2015)沪知民初字第191号
3602994,(2015)沪知民初字第633号
3602995,(2015)沪知民终字第730号
3602996,(2016)沪73民终133号
3602997,(2016)沪73民辖终506号
3619012,(2015)沪知民初字第270号
3634387,(2016)沪73民初293号
3634388,(2016)沪73民初419号
3634389,(2016)沪73民初49号
3634390,(2016)沪73民初524号
3634391,(2016)沪73民初572号
3634392,(2016)沪73民初695号
3634393,(2016)沪73民初696号
3634394,(2016)沪73民初720号
3634664,(2017)沪73民初194号
3634665,(2017)沪73民初69号
3656855,(2015)沪知民终字第613号
3656856,(2015)沪知民终字第81号
3656867,(2016)沪73民辖终186号
3656868,(2016)沪73民辖终187号
3656869,(2016)沪73民辖终188号
3656872,(2017)沪73民终53号
3657151,(2015)沪知民终字第213号
3657160,(2016)沪73民终134号
3657161,(2016)沪73民终135号
3657162,(2016)沪73民终33号
3661554,(2016)沪73行初1号
3674470,上海知识产权法院-胡涛-摩拜
3675677,(2015)沪知民终字第614号
3686494,(2017)沪73民初247号
3700276,(2015)沪知民初字第361号
3702873,(2015)沪知民初字第624号
3702874,(2015)沪知民初字第653号
3702878,(2016)沪73民初14号
3702879,(2016)沪73民初231号
3702880,(2016)沪73民初257号
3702881,(2016)沪73民初260号
3702882,(2016)沪73民初33号
3702883,(2016)沪73民初374号
3702884,(2016)沪73民初428号
3702885,(2016)沪73民初429号
3702886,(2016)沪73民初499号
3702887,(2016)沪73民初501号
3702888,(2016)沪73民初511号
3702889,(2016)沪73民初516号
3702890,(2016)沪73民初529号
3702891,(2016)沪73民初530号
3702892,(2016)沪73民初574号
3702893,(2016)沪73民初580号
3702894,(2016)沪73民初584号
3702895,(2016)沪73民初585号
3702896,(2016)沪73民初586号
3702897,(2016)沪73民初775号
3702898,(2016)沪73民初784号
3702899,(2016)沪73民初817号
3702900,(2016)沪73民初882号
3702901,(2016)沪73民初889号
3702907,(2017)沪73民初193号
3702908,(2017)沪73民初6号
3711885,(2017)沪73民终25号
3721849,(2017)沪73民终94号
3726461,(2017)沪73民初278号
3752480,(2016)沪73民初780号
3752481,(2016)沪73民初809号
3752482,(2017)沪73民初100号
3752483,cn-(2017)沪73民初101号
3752484,(2017)沪73民初135号
3752485,(2017)沪73民初136号
3752486,(2017)沪73民初167号
3752487,(2017)沪73民初249号
3752488,(2017)沪73民初271号
3752489,(2017)沪73民初276号
3752490,(2017)沪73民初288号
3752491,(2017)沪73民初299号
3752492,(2017)沪73民初301号
3752493,(2017)沪73民初304号
3752494,(2017)沪73民初321号
3752495,(2017)沪73民初322号
3752496,(2017)沪73民初324号
3752497,cn-(2017)沪73民初351号
3752498,(2017)沪73民初352号
3752499,(2017)沪73民初353号
3752500,(2017)沪73民初36号
3752501,(2017)沪73民初396号
3752502,(2017)沪73民初397号
3752503,(2017)沪73民初398号
3752504,(2017)沪73民初399号
3752505,(2017)沪73民初400号
3752506,(2017)沪73民初401号
3752507,(2017)沪73民初402号
3752508,(2017)沪73民初403号
3752509,(2017)沪73民初404号
3752510,(2017)沪73民初405号
3752511,(2017)沪73民初406号
3752512,(2017)沪73民初407号
3752513,(2017)沪73民初408号
3752514,(2017)沪73民初409号
3752515,(2017)沪73民初410号
3752516,(2017)沪73民初411号
3752517,(2017)沪73民初412号
3752518,(2017)沪73民初413号
3752519,(2017)沪73民初414号
3752520,(2017)沪73民初415号
3752521,(2017)沪73民初416号
3752522,(2017)沪73民初417号
3752523,(2017)沪73民初418号
3752524,(2017)沪73民初419号
3752525,(2017)沪73民初420号
3752526,(2017)沪73民初421号
3752527,(2017)沪73民初422号
3752528,(2017)沪73民初423号
3752529,(2017)沪73民初424号
3752530,(2017)沪73民初425号
3752531,(2017)沪73民初444号
3752532,(2017)沪73民初446号
3752533,(2017)沪73民初447号
3752534,(2017)沪73民初483号
3752535,(2017)沪73民初495号
3752536,(2017)沪73民初502号
3752537,(2017)沪73民初503号
3752538,(2017)沪73民初538号
3752539,(2017)沪73民初542号
3752540,(2017)沪73民初582号
3752541,(2017)沪73民初60号
3752542,(2017)沪73民初781号
3752543,(2017)沪73民初79号
3752544,(2017)沪73民初81号
3752545,(2017)沪73民终246号
3752546,(2017)沪73民终260号
3752547,(2017)沪73民终261号
3752548,(2017)沪73民终262号
3752549,(2017)沪73民终263号
3752550,(2017)沪73民终264号
3752551,(2017)沪73民终265号
3752552,(2017)沪73民终266号
3752553,(2017)沪73民终267号
3752554,(2017)沪73民终268号
3752555,(2017)沪73民终285号
3752556,(2017)沪73民终288号
3752557,cn-(2017)沪73民终289号
3752709,(2017)沪73民终85号
3777889,(2016)沪73民终121号
3822868,(2017)沪73民终187号
3874195,(2015)沪知民终字第304号
3891711,(2016)沪73民初535号
3891983,(2017)沪73民初143号
3891984,(2017)沪73民初144号
3891985,(2017)沪73民终143号
3891986,(2017)沪73民终45号
3945607,(2016)沪73民辖终12号
3945615,(2016)沪73民辖终542号
3949098,(2016)沪73民初831号
3949122,(2017)沪73民初217号
3949123,(2017)沪73民初382号
3949124,(2017)沪73民初51号
3953106,(2017)沪73民终237号
3981788,(2017)沪73民终188号
3981789,(2017)沪73民终190号
3981790,(2017)沪73民终216号
3981791,(2017)沪73民终233号
3981792,(2017)沪73民终244号
3981793,(2017)沪73民终245号
3981794,(2017)沪73民终298号
3981795,(2017)沪73民终306号
3981796,(2017)沪73民辖终380号
3981797,(2017)沪73民辖终400号
3981798,(2017)沪73民辖终403号
3981799,(2017)沪73民辖终405号
3981800,(2017)沪73民辖终437号
3981801,(2017)沪73民辖终590号
3981802,(2017)沪73民辖终591号
3992004,(2017)沪73民终254号
4027173,(2017)沪73民终38号
4051554,(2017)沪73民初89号
4059239,(2017)沪73民终23号
4064478,(2017)沪73民终22号
4100560,(2016)沪73民初772号
4104856,(2015)沪知民初字第643号
4104857,(2015)沪知民初字第645号
4104858,(2015)沪知民初字第735号
4104859,(2015)沪知民初字第737号
4104886,(2016)沪73民初117号
4104887,(2016)沪73民初124号
4104888,(2016)沪73民初873号
4105054,(2017)沪73民初101号
4105055,(2017)沪73民初151号
4105056,(2017)沪73民初155号
4105057,(2017)沪73民初38号
4105058,(2017)沪73民初7号
4105059,(2017)沪73民初9号
4111306,(2016)沪73民初379号
4111307,(2016)沪73民初399号
4111308,(2016)沪73民初549号
4111309,(2016)沪73民初774号
4111310,(2016)沪73民初812号
4111404,(2017)沪73民初189号
4111405,(2017)沪73民初190号
4115308,(2016)沪73民终146号
4125399,(2015)沪知民初字第703号
4125417,(2016)沪73民初759号
4125418,(2016)沪73民初760号
4125419,(2016)沪73民初782号
4125420,(2016)沪73民初783号
4125421,(2016)沪73民初830号
4132447,(2016)沪73民初640号
4132448,(2016)沪73民初641号
4132449,(2016)沪73民初642号
4132450,(2016)沪73民初662号
4132451,(2016)沪73民初663号
4132452,(2016)沪73民初664号
4132453,(2016)沪73民初665号
4132454,(2016)沪73民初686号
4132455,(2016)沪73民初687号
4132456,(2016)沪73民初688号
4132489,(2017)沪73民终293号
4132490,(2017)沪73民终297号
4132491,(2017)沪73民终305号
4132492,(2017)沪73民终309号
4132493,(2017)沪73民终326号
4132494,(2017)沪73民终334号
4132495,(2017)沪73民终336号
4134357,(2017)沪73民初641号
4134561,(2017)沪73民初747号
4134562,(2017)沪73民初479号
4134566,(2017)沪73民初632号
4134575,(2017)沪73民初708号
4134598,(2018)沪73民终36号
4134655,(2017)沪73民初662号
4134814,(2017)沪73民初715号
4135072,(2017)沪73民初642号
4135073,(2017)沪73民初661号
4140707,(2017)沪73民终286号
4140708,(2017)沪73民终317号
4140709,(2017)沪73民终329号
4140710,(2017)沪73民终331号
4140813,(2018)沪73民初35号
4140814,(2018)沪73民终27号
4140815,(2018)沪73民辖终34号
4144467,(2016)沪73民终313号
4146040,(2016)沪73民初5号
4146493,(2016)沪73民终264号
4146589,(2017)沪73民初270号
4146590,(2017)沪73民初334号
4146591,(2017)沪73民初335号
4146592,(2017)沪73民初621号
4150402,(2018)沪73民初110号
4150552,(2017)沪73民初331号
4150771,(2018)沪73民初111号
4150986,(2017)沪73民初615号
4151153,(2016)沪73民初386号-hearing
4151479,(2016)沪73民初385号-hearing
4151580,(2018)沪73民初7号
4151758,(2015)沪知民初字第311号_Hearing_IS
4151961,(2018)沪73民初62号
4154529,(2018)沪73民初98号
4154530,(2017)沪73民初601号
4154531,(2017)沪73民初600号
4154560,(2018)沪73民初88号
4154561,(2018)沪73民初87号
4154562,(2017)沪73民初746号
4154563,(2018)沪73民终115号
4154564,(2017)沪73民初523号
4154565,(2016)沪73民初859号
4154566,(2017)沪73民初622号
4154567,(2017)沪73民初665号
4154585,(2017)沪73民初666号
4154586,(2018)沪73民初58号
4157305,(2017)沪73民初325号
4158481,(2018)沪73民终23号
4160095,(2018)沪73民终141号
4160102,(2018)沪73民初96号
4160111,(2018)沪73民初46号
4160113,(2018)沪73民初13号
4160114,(2018)沪73民初9号
4160119,(2017)沪73民初581号
4160163,(2017)沪73民初348号
4160207,(2017)沪73民初737号
4160210,(2017)沪73民初649号
4166211,(2018)沪73民终64号
4166755,cn-(2018)沪73民终42号
4167676,(2017)沪73民初312号
4167808,cn-(2018)沪73民终43号
4167811,(2018)沪73民终41号
4167820,(2018)沪73民初34号
4167824,(2018)沪73民初130号
4167828,(2016)沪73民初901号
4167832,(2018)沪73民初126号
4167833,cn-(2018)沪73民初117号
4167835,(2017)沪73民终275号
4167845,(2018)沪73民初118号
4167846,(2017)沪73民终274号
4167956,(2018)沪73民终67号
4167957,(2018)沪73民终70号
4167960,(2018)沪73民终79号
4167961,(2018)沪73民终140号
4167962,(2018)沪73民初200号
4167964,(2018)沪73民初143号
4167967,(2017)沪73民初640号
4168105,(2018)沪73民初191号
4168117,(2017)沪73民初506号
4168266,cn-(2018)沪73民初119号
4168304,(2017)沪73民初651号
4168322,(2018)沪73民终162号
4168328,(2018)沪73民终45号
4168366,(2018)沪73民初163号
4168370,(2017)沪73民初683号
4168390,(2017)沪73民初438号
4171455,(2018)沪73民初173号
4171456,(2018)沪73民初215号
4171459,(2018)沪73民初40号
4171461,(2018)沪73民初181号
4171462,(2018)沪73民初179号
4171611,(2017)沪73民初531号
4171612,(2017)沪73民辖终818号
4171682,(2018)沪73民初42号
4172441,(2015)沪知民初字第640号
4187077,(2017)沪73民终203号
4187517,(2016)沪73民终34号
4203906,(2017)沪73民终307号
4207057,(2017)沪73民终54号
4213547,(2017)沪73民辖终39号
4214730,(2017)沪73民初106号
4214731,(2017)沪73民初107号
4214732,(2017)沪73民初637号
4214733,(2017)沪73民终145号
4214734,(2017)沪73民辖终813号
4214735,(2017)沪73民辖终814号
4214736,(2017)沪73民辖终815号
4214737,(2017)沪73民辖终816号
4214738,(2017)沪73民辖终817号
4214739,(2017)沪73民辖终819号
4214740,(2017)沪73民辖终820号
4214741,(2017)沪73民辖终821号
4215774,(2018)沪73民初75号
4215775,(2018)沪73民初76号
4215776,(2018)沪73民初77号
4215777,(2018)沪73民辖终17号
4215778,(2018)沪73民辖终18号
4215779,(2018)沪73民辖终21号
4215780,(2018)沪73民辖终23号
4215781,(2018)沪73民辖终29号
4215782,(2018)沪73民辖终2号
4215783,(2018)沪73民辖终32号
4215784,(2018)沪73民辖终33号
4215785,(2018)沪73民辖终3号
4215786,(2018)沪73民辖终4号
4215787,(2018)沪73民辖终5号
4215788,(2018)沪73民辖终6号
4215789,(2018)沪73民辖终7号
4215790,(2018)沪73民辖终8号
4215791,(2018)沪73民辖终9号
4218635,(2018)沪73民初159号
4218636,(2018)沪73民初160号
4218637,(2018)沪73民辖终54号
4224242,(2018)沪73民终151号
4224243,(2017)沪73民初494号
4227747,(2017)沪73民初17号
4228617,(2018)沪73民终219号
4228622,(2018)沪73民初251号
4228630,(2018)沪73民初250号
4228632,(2017)沪73民初316号
4228950,(2017)沪73民初315号
4229025,(2018)沪73民终78号
4229043,(2018)沪73民终72号
4229104,(2018)沪73民终73号
4248187,(2017)沪73民初390号
4248188,(2017)沪73民初572号
4248189,(2017)沪73民终289号
4248190,(2017)沪73民终340号
4269824,(2017)沪73民初356号
4269825,(2017)沪73民初364号
4269826,(2017)沪73民初365号
4269827,(2017)沪73民初366号
4269828,(2017)沪73民初367号
4269829,(2017)沪73民初441号
4269830,(2017)沪73民初443号
4269831,(2017)沪73民初576号
4269832,(2017)沪73民初577号
4269833,(2017)沪73民初627号
4269834,(2017)沪73民初65号
4269835,(2017)沪73民初66号
4269836,(2017)沪73民初67号
4269837,(2017)沪73民初68号
4269838,(2017)沪73民初84号
4269839,(2018)沪73民初10号
4271234,(2016)沪73民初841号
4274198,(2015)沪知民终字第399号之一
4274254,(2017)沪73民初180号
4274255,(2017)沪73民初623号
4274573,(2018)沪73民终39号
4276297,(2017)沪73民终299号
4277035,(2018)沪73民初154号
4277036,(2018)沪73民初155号
4277037,(2018)沪73民初156号
4277038,(2018)沪73民初157号
4277039,(2018)沪73民初244号
4277040,(2018)沪73民初97号
4277041,(2018)沪73民终131号
4277042,(2018)沪73民终133号
4277043,(2018)沪73民终134号
4277044,(2018)沪73民终135号
4277046,(2018)沪73民终13号
4277047,(2018)沪73民终33号
4277048,(2018)沪73民终55号
4277049,(2018)沪73民终71号
4277050,(2018)沪73民辖终26号
4277051,(2018)沪73民辖终39号
4277052,(2018)沪73民辖终59号
4277053,(2018)沪73民辖终67号
4277054,(2018)沪73民辖终68号
4277055,(2018)沪73民辖终69号
4277056,(2018)沪73民辖终70号
4277057,(2018)沪73民辖终71号
4277058,(2018)沪73民辖终72号
4277059,(2018)沪73民辖终73号
4277060,(2018)沪73民辖终74号
4292999,(2017)沪73民初14号
4293000,(2017)沪73民初340号
4293001,(2017)沪73民初341号
4293002,(2017)沪73民初442号
4293003,(2017)沪73民初546号
4293004,(2017)沪73民初591号
4293005,(2017)沪73民初592号
4293006,(2017)沪73民初61号
4293007,(2017)沪73民初62号
4293008,(2017)沪73民初63号
4293009,(2017)沪73民终280号
4301998,(2018)沪73民初305号
4302001,(2018)沪73民初335号
4302003,(2018)沪73民初306号
4302004,(2018)沪73民初231号
4302005,(2018)沪73民初12号
4303365,(2018)沪73民初342号
4303423,(2018)沪73民初341号
4303459,(2018)沪73民初340号
4303461,(2018)沪73民初153号
4307587,(2015)沪知民终字第399号
4307664,(2018)沪73民终216号
4307665,(2018)沪73民终77号
4307666,(2018)沪73民辖终111号
4307667,(2018)沪73民辖终114号
4307668,(2018)沪73民辖终116号
4307669,(2018)沪73民辖终119号
4307670,(2018)沪73民辖终127号
4307671,(2018)沪73民辖终128号
4307672,(2018)沪73民辖终130号
4307673,(2018)沪73民辖终134号
4307682,(2018)沪03刑终14号
4307683,(2018)沪03刑终4号
4307684,(2018)沪03刑终6号
4307685,(2018)沪03刑终9号
4307691,(2018)沪73民辖终87号
4308068,(2017)沪73民终337号
4308198,(2018)沪73民初167号
4308199,(2018)沪73民初168号
4308200,(2018)沪73民初89号
4308201,(2018)沪73民初90号
4308202,(2018)沪73民初91号
4308203,(2018)沪73民初92号
4310053,(2017)沪73民初204号
4310055,(2017)沪73民初205号
4310057,(2017)沪73民初339号
4310058,(2017)沪73民初701号
4310060,(2017)沪73民终282号
4310209,(2018)沪73民终12号
4310210,(2018)沪73民终139号
4310211,(2018)沪73民终14号
4310212,(2018)沪73民终161号
4310213,(2018)沪73民终16号
4310214,(2018)沪73民终212号
4310215,(2018)沪73民终57号
4310216,(2018)沪73民终58号
4310217,(2018)沪73民终59号
4310218,(2018)沪73民终60号
4310219,(2018)沪73民终61号
4310220,(2018)沪73民终7号
4310221,(2018)沪73民辖终121号
4310222,(2018)沪73民辖终122号
4310223,(2018)沪73民辖终126号
4310224,(2018)沪73民辖终131号
4310225,(2018)沪73民辖终135号
4310227,(2018)沪73民辖终57号
4318306,(2018)沪73民初309号
4318308,(2018)沪73民初308号
4318309,(2018)沪73民初396号
4318310,(2018)沪73民终252号
4318311,(2018)沪73民初397号
4318312,(2017)沪73民初56号
4318313,(2018)沪73民初129号
4318316,(2018)沪73民辖终178号
4318320,(2017)沪73民初657号
4318328,(2018)沪73民初386号
4318893,(2017)沪73民初478号
4318897,(2018)沪73民初71号
4325758,(2018)沪73民初100号
4325759,(2018)沪73民初104号
4325760,(2018)沪73民初107号
4325761,(2018)沪73民初108号
4325762,(2018)沪73民初109号
4325763,(2018)沪73民初11号
4325765,(2018)沪73民初147号
4325766,(2018)沪73民初149号
4325767,(2018)沪73民初158号
4325768,(2018)沪73民初161号
4325769,(2018)沪73民初164号
4325770,(2018)沪73民初193号
4325771,(2018)沪73民初281号
4325772,(2018)沪73民终19号
4325773,(2018)沪73民终53号
4325774,(2018)沪73民终6号
4325775,(2018)沪73民终83号
4325776,(2018)沪73民终84号
4325778,(2018)沪73民终87号
4325779,(2018)沪73民终90号
4325780,(2018)沪73民终91号
4325781,(2018)沪73民终92号
4325782,(2018)沪73民终92号之一
4326342,(2018)沪73民终100号
4326343,(2018)沪73民终101号
4326344,(2018)沪73民终102号
4326345,(2018)沪73民终107号
4326346,(2018)沪73民终124号
4326347,(2018)沪73民终125号
4326348,(2018)沪73民终126号
4326349,(2018)沪73民终128号
4326350,(2018)沪73民终129号
4326351,(2018)沪73民终136号
4326352,(2018)沪73民终137号
4326353,(2018)沪73民终138号
4326354,(2018)沪73民终95号
4326355,(2018)沪73民终98号
4326356,(2018)沪73民终99号
4326357,(2018)沪73民辖终41号
4326358,(2018)沪73民辖终58号
4326359,(2018)沪73民辖终63号
4326360,(2018)沪73民辖终64号
4326361,(2018)沪73民辖终65号
4326362,(2018)沪73民辖终85号
4329445,(2018)沪73民初162号
4337813,(2018)沪73民初194号
4337814,(2018)沪73民初195号
4337815,(2018)沪73民初196号
4337816,(2018)沪73民初43号
4338628,(2018)沪73民初513号
4338629,(2018)沪73民初514号
4338630,(2018)沪73民终20号
4338631,(2018)沪73民终250号
4338632,(2018)沪73民辖终149号
4338634,(2018)沪73民辖终150号
4338635,(2018)沪73民辖终155号
4338649,(2018)沪73民辖终151号
4338650,(2018)沪73民辖终152号
4338651,(2018)沪73民辖终153号
4338652,(2018)沪73民辖终154号
4338672,(2018)沪73民初190号
4338673,(2018)沪73民初192号
4338674,(2018)沪73民初204号
4338675,(2018)沪73民初283号
4338676,(2018)沪73民初6号
4338985,(2016)沪73民初597号
4338986,(2016)沪73民初598号
4338987,(2016)沪73民初599号
4338988,(2016)沪73民初600号
4338989,(2016)沪73民初601号
4338990,(2016)沪73民初602号
4338991,(2016)沪73民初603号
4338992,(2016)沪73民初604号
4338993,(2016)沪73民初605号
4338994,(2016)沪73民初606号
4338996,(2016)沪73民初608号
4338997,(2016)沪73民初609号
4338998,(2016)沪73民初612号
4338999,(2016)沪73民初613号
4339000,(2016)沪73民初614号
4339001,(2016)沪73民初615号
4339002,(2016)沪73民初616号
4339003,(2016)沪73民初620号
4339005,(2016)沪73民初622号
4339006,(2016)沪73民初623号
4339007,(2016)沪73民初624号
4339008,(2016)沪73民初625号
4339010,(2016)沪73民初626号
4339011,(2016)沪73民初627号
4339012,(2016)沪73民初628号
4339013,(2016)沪73民初629号
4339014,(2016)沪73民初630号
4339015,(2016)沪73民初631号
4339016,(2016)沪73民初632号
4339017,(2016)沪73民初633号
4339018,(2016)沪73民初634号
4339019,(2016)沪73民初635号
4339020,(2016)沪73民初636号
4339021,(2016)沪73民初637号
4339022,(2016)沪73民初638号
4339023,(2016)沪73民初639号
4340342,(2016)沪73民初357号
4340343,(2016)沪73民初359号
4340344,(2016)沪73民初360号
4340345,(2017)沪73民初22号
4340346,(2017)沪73民初277号
4340347,(2017)沪73民初338号
4340348,(2017)沪73民初512号
4340349,(2017)沪73民初629号
4340350,(2017)沪73民初714号
4340351,(2017)沪73民初748号
4340385,(2017)沪73民初172号
4344889,上海知识产权法院-达索-同捷_order_IS
4354005,(2018)沪73民初102号
4354006,(2018)沪73民终130号
4354007,(2018)沪73民终88号
4354008,(2018)沪73民辖终35号
4354009,(2018)沪73民辖终36号
4357282,(2017)沪73民终209号
4357283,(2017)沪73民终243号
4357596,(2017)沪73民初80号
4362344,(2016)沪73民初897号
4362345,(2016)沪73民初898号
4362346,(2016)沪73民初899号
4362347,(2016)沪73民终330号
4366789,上海知识产权法院-Fractus  Vectis IP-Oppo_Complaint_IS
4370569,(2017)沪73民初281号
4370570,(2017)沪73民初286号
4370571,(2017)沪73民初358号
4370572,(2017)沪73民初359号
4370573,(2017)沪73民初360号
4370574,(2017)沪73民初361号
4370575,(2017)沪73民初362号
4370576,(2017)沪73民初363号
4370603,(2018)沪73民初103号
4370604,(2018)沪73民初105号
4370605,(2018)沪73民初123号
4370606,(2018)沪73民初148号
4370607,(2018)沪73民初165号
4370608,(2018)沪73民初166号
4370609,(2018)沪73民初22号
4370610,(2018)沪73民初23号
4370611,(2018)沪73民初512号
4370612,(2018)沪73民初79号
4370613,(2018)沪73民初80号
4370614,(2018)沪73民终274号
4374897,(2017)沪73民初655号
4374898,(2017)沪73民初740号
4374899,(2017)沪73民初741号
4374900,(2017)沪73民初742号
4374901,(2017)沪73民初744号
4374902,(2017)沪73民初745号
4374903,(2017)沪73民终315号
4374990,(2018)沪73民终11号
4374991,(2018)沪73民终152号
4374992,(2018)沪73民终153号
4374993,(2018)沪73民终165号
4374994,(2018)沪73民终175号
4374995,(2018)沪73民终176号
4374996,(2018)沪73民终177号
4374997,(2018)沪73民终178号
4374998,(2018)沪73民终179号
4374999,(2018)沪73民终181号
4375000,(2018)沪73民终182号
4375001,(2018)沪73民终183号
4375002,(2018)沪73民终184号
4375003,(2018)沪73民终185号
4375004,(2018)沪73民终207号
4375005,(2018)沪73民终223号
4375006,(2018)沪73民终224号
4375007,(2018)沪73民辖终115号
4375008,(2018)沪73民辖终161号
4408444,(2016)沪73民辖终553号
4409487,(2018)沪73民终15号
4451567,(2018)沪73民终31号
4451568,(2018)沪73民辖终193号
4451569,(2018)沪73民辖终270号
4451570,(2018)沪73民辖终272号
4451571,(2018)沪73民辖终273号
4451614,(2018)沪73民终275号
4451615,(2018)沪73民终277号
4451617,(2018)沪73民终278号
4451618,(2018)沪73民终279号
4451627,(2018)沪73民辖终117号
4451628,(2018)沪73民辖终168号
4451629,(2018)沪73民辖终60号
4452397,(2017)沪73民初391号
4452398,(2017)沪73民初610号
4452399,(2017)沪73民初611号
4452400,(2017)沪73民初612号
4452402,(2017)沪73民初636号
4452420,(2018)沪73民初146号
4452421,(2018)沪73民初282号
4452422,(2018)沪73民初494号
4452423,(2018)沪73民辖终216号
4452536,(2016)沪73民初765号
4453208,(2016)沪73民初818号
4453209,(2016)沪73民初819号
4453210,(2016)沪73民初820号
4453211,(2016)沪73民初821号
4453212,(2016)沪73民初822号
4453213,(2016)沪73民初823号
4453219,(2017)沪73民初491号
4453221,(2017)沪73民初544号
4453250,(2018)沪73民初116号
4453253,(2018)沪73民初19号
4453254,(2018)沪73民初20号
4453256,(2018)沪73民初21号
4453259,(2018)沪73民终218号
4453261,(2018)沪73民终235号
4453263,(2018)沪73民终257号
4453269,(2018)沪73民终312号
4453271,(2018)沪73民终313号
4453272,(2018)沪73民终314号
4453274,(2018)沪73民终369号
4453275,(2018)沪73民终370号
4453374,(2017)沪73民初471号
4453377,(2017)沪73民初472号
4453379,(2017)沪73民初566号
4454052,(2018)沪73民初101号
4454054,(2018)沪73民终217号
4454056,(2018)沪73民辖终271号
4454057,(2018)沪73民辖终284号
4454076,(2018)沪73民初536号
4455022,(2017)沪73民初305号
4455023,(2017)沪73民初468号
4455083,(2018)沪73民终351号
4455084,(2018)沪73民终37号
4455085,(2018)沪73民辖终174号
4455086,(2018)沪73民辖终202号
4455087,(2018)沪73民辖终209号
4455088,(2018)沪73民辖终210号
4455089,(2018)沪73民辖终211号
4455091,(2018)沪73民辖终212号
4455092,(2018)沪73民辖终213号
4455093,(2018)沪73民辖终218号
4455094,(2018)沪73民辖终219号
4455095,(2018)沪73民辖终224号
4455108,(2017)沪73民初171号
4455119,(2018)沪73民初339号
4455120,(2018)沪73民终222号
4455121,(2018)沪73民辖终195号
4455122,(2018)沪73民辖终220号
4487856,(2017)沪73民终287号
4488044,(2018)沪73民终227号
4488046,(2018)沪73民终263号
4488048,(2018)沪73民终297号
4488051,(2018)沪73民终38号
4488052,(2018)沪73民辖终201号
4488053,(2018)沪73民辖终264号
4489197,(2018)沪73民终42号
4489198,(2018)沪73民终43号
4502709,(2016)沪73民初618号之一
4502710,(2016)沪73民初619号之一
4502746,(2017)沪73民初121号之一
4502747,(2017)沪73民初122号之一
4502748,(2017)沪73民初131号之一
4502749,(2017)沪73民初230号之一
4502750,(2017)沪73民初362号之一
4502751,(2017)沪73民初363号之一
4536613,(2015)沪知民初字第746号之一
4536616,(2016)沪73民初617号之一
4536636,(2017)沪73民初159号之一
4536637,(2017)沪73民初159号之二
4543398,(2017)沪73民初172号之一
4543399,(2017)沪73民初351号
4543400,(2017)沪73民初512号之一
4543401,(2017)沪73民初523号之一
4543402,(2017)沪73民初748号之二
4544774,(2018)沪73民初117号
4544775,(2018)沪73民初119号
4544776,(2018)沪73民初189号
4544777,(2018)沪73民初192号之一
4544778,(2018)沪73民辖终196号
4544779,(2018)沪73民初22号之一
4544780,(2018)沪73民初23号之一
4544781,(2018)沪73民初43号之一
4544782,(2018)沪73民初75号之一
4544783,(2018)沪73民初76号之一
4544784,(2018)沪73民初76号之二
4544785,(2018)沪73民初77号之一
4544786,(2018)沪73民初77号之二
4544946,(2016)沪73民初850号
4544951,(2017)沪73民初257号
4544952,(2017)沪73民终67号
4545018,(2018)沪73民初326号
4545019,(2018)沪73民初425号
4545020,(2018)沪73民终171号
4545022,(2018)沪73民终349号
4559263,(2018)沪73民初124号
4560958,上海知识产权法院-Fractus Vectis IP-维沃移动通信_Complaint_IS
4565197,(2018)沪73民初831号
4665118,(2016)沪73民初699号
4668472,cn-(2017)沪73民初666号
4668607,cn-(2017)沪73民初175号
4668608,cn-(2017)沪73民初176号
4668609,cn-(2017)沪73民初182号
4668610,cn-(2017)沪73民初183号
4668611,cn-(2017)沪73民初184号
4668612,cn-(2017)沪73民初185号
4668613,cn-(2017)沪73民初186号
4668614,cn-(2017)沪73民初64号
4668833,cn-(2016)沪73民初451号
